-- --------------------------------------------------------
-- Host:                         127.0.0.1
-- Server version:               8.0.30 - MySQL Community Server - GPL
-- Server OS:                    Win64
-- HeidiSQL Version:             12.1.0.6537
-- --------------------------------------------------------

/*!40101 SET @OLD_CHARACTER_SET_CLIENT=@@CHARACTER_SET_CLIENT */;
/*!40101 SET NAMES utf8 */;
/*!50503 SET NAMES utf8mb4 */;
/*!40103 SET @OLD_TIME_ZONE=@@TIME_ZONE */;
/*!40103 SET TIME_ZONE='+00:00' */;
/*!40014 SET @OLD_FOREIGN_KEY_CHECKS=@@FOREIGN_KEY_CHECKS, FOREIGN_KEY_CHECKS=0 */;
/*!40101 SET @OLD_SQL_MODE=@@SQL_MODE, SQL_MODE='NO_AUTO_VALUE_ON_ZERO' */;
/*!40111 SET @OLD_SQL_NOTES=@@SQL_NOTES, SQL_NOTES=0 */;


-- Dumping database structure for ccc151_cs
-- Drop the database if it exists
DROP DATABASE IF EXISTS `ssisweb_db`;

-- Create the database if it does not exist
CREATE DATABASE IF NOT EXISTS `ssisweb_db` /*!40100 DEFAULT CHARACTER SET utf8mb4 COLLATE utf8mb4_0900_ai_ci */ /*!80016 DEFAULT ENCRYPTION='N' */;

-- Use the database
USE `ssisweb_db`;

-- Drop the table if it exists
DROP TABLE IF EXISTS `student`;

-- Create the student table
CREATE TABLE IF NOT EXISTS `student` (
  `student_id` VARCHAR(10) PRIMARY KEY,
  `firstname` VARCHAR(255) NOT NULL,
  `lastname` VARCHAR(255) NOT NULL,
  `student_course` VARCHAR(255) NOT NULL,
  `year` ENUM('1st', '2nd', '3rd', '4th'),
  `gender` ENUM('Male', 'Female'),
  `profile_pic` VARCHAR(255) DEFAULT NULL,
  FOREIGN KEY (`student_course`) REFERENCES `course` (`course_name`) ON DELETE CASCADE ON UPDATE CASCADE
);

-- Drop the table if it exists
DROP TABLE IF EXISTS `course`;

-- Create the course table
CREATE TABLE IF NOT EXISTS `course` (
  `course_code` VARCHAR(255) PRIMARY KEY,
  `course_name` VARCHAR(255) NOT NULL UNIQUE,
  `college_id` VARCHAR(255) NOT NULL,
  FOREIGN KEY (`college_id`) REFERENCES `college` (`college_code`) ON DELETE CASCADE ON UPDATE CASCADE
);

-- Drop the table if it exists
DROP TABLE IF EXISTS `college`;

-- Create the college table
CREATE TABLE IF NOT EXISTS `college` (
  `college_code` VARCHAR(255) PRIMARY KEY,
  `college_name` VARCHAR(255) NOT NULL UNIQUE
);

INSERT INTO `college` (`college_code`, `college_name`) VALUES
('COET', 'College of Engineering and Technology'),
('CSM', 'College of Science and Mathematics'),
('CCS', 'College of Computer Studies'),
('CED', 'College of Education'),
('CAS', 'College of Arts and Science'),
('CEBA', 'College of Economics, Business and Accountancy'),
('CON', 'College of Nursing');

INSERT INTO `course` (`course_code`, `course_name`, `college_id`) VALUES
('BSChemEng', 'Bachelor of Science in Chemical Engineering', 'COET'),
('BSEnviEng', 'Bachelor of Science in Environmental Engineering', 'COET'),
('BSCE', 'Bachelor of Science in Civil Engineering', 'COET'),
('BSComEng', 'Bachelor of Science in Computer Engineering', 'COET'),
('BSEE', 'Bachelor of Science in Electrical Engineering', 'COET'),
('BSECE', 'Bachelor of Science in Electronics and Communication Engineering', 'COET'),
('BSIAM', 'Bachelor of Science in Industrial Automation and Mechatronics', 'COET'),
('BSCerEng', 'Bachelor of Science in Ceramics Engineering', 'COET'),
('BSMetEng', 'Bachelor of Science in Metallurgical Engineering', 'COET'),
('BSME', 'Bachelor of Science in Mining Engineering', 'COET'),
('BSMechEng', 'Bachelor of Science in Mechanical Engineering', 'COET'),
('BSBio', 'Bachelor of Science in Biology', 'CSM'),
('BSChem', 'Bachelor of Science in Chemistry', 'CSM'),
('BSMath', 'Bachelor of Science in Mathematics', 'CSM'),
('BSStat', 'Bachelor of Science in Statistics', 'CSM'),
('BSPhy', 'Bachelor of Science in Physics', 'CSM'),
('BSCS', 'Bachelor of Science in Computer Science', 'CCS'),
('BSIT', 'Bachelor of Science in Information Technology', 'CCS'),
('BSIS', 'Bachelor of Science in Information System', 'CCS'),
('BSCA', 'Bachelor of Science in Computer Application', 'CCS'),
('BEE', 'Bachelor of Elementary Education', 'CED'),
('BSE', 'Bachelor of Secondary Education', 'CED'),
('BPE', 'Bachelor of Physical Education', 'CED'),
('BAFil', 'Bachelor of Arts in Filipino', 'CAS'),
('BAHis', 'Bachelor of Arts in History', 'CAS'),
('BAPan', 'Bachelor of Arts in Panitikan', 'CAS'),
('BAPolSci', 'Bachelor of Arts in Political Science', 'CAS'),
('BAPsych', 'Bachelor of Arts in Psychology', 'CAS'),
('BASoc', 'Bachelor of Arts in Sociology', 'CAS'),
('BAPhil', 'Bachelor of Arts in Philosophy', 'CAS'),
('BSPsych', 'Bachelor of Science in Psychology', 'CAS'),
('BSA', 'Bachelor of Science in Accountancy', 'CEBA'),
('BSBA', 'Bachelor of Science in Business Administration', 'CEBA'),
('BSEnt', 'Bachelor of Science in Entrepreneurship', 'CEBA'),
('BSHM', 'Bachelor of Science in Hospitality Management', 'CEBA'),
('BSN', 'Bachelor of Science in Nursing', 'CON');

-- Insert 50 students
INSERT INTO `student` (`student_id`, `firstname`, `lastname`, `student_course`, `year`, `gender`) VALUES
('2024-0001', 'Liam', 'Williams', 'Bachelor of Science in Chemistry', '1st', 'Male'),
('2024-0002', 'Richie', 'Smith', 'Bachelor of Science in Metallurgical Engineering', '1st', 'Male'),
('2024-0003', 'Layla', 'Wilkerson', 'Bachelor of Arts in Philosophy', '1st', 'Female'),
('2024-0004', 'William', 'Smith', 'Bachelor of Arts in Psychology', '1st', 'Male'),
('2024-0005', 'Mia', 'Johnson', 'Bachelor of Arts in Philosophy', '1st', 'Female'),
('2024-0006', 'Lucas', 'Brown', 'Bachelor of Science in Computer Science', '1st', 'Male'),
('2024-0007', 'Ava', 'Gallagher', 'Bachelor of Science in Statistics', '1st', 'Female'),
('2024-0008', 'Sophia', 'Davis', 'Bachelor of Arts in Sociology', '1st', 'Female'),
('2024-0009', 'Mimi', 'Smith', 'Bachelor of Science in Statistics', '1st', 'Female'),
('2024-0010', 'Naomi', 'May', 'Bachelor of Arts in Filipino', '1st', 'Female'),
('2024-0011', 'James', 'Davis', 'Bachelor of Science in Civil Engineering', '1st', 'Male'),
('2024-0012', 'Lily', 'Smith', 'Bachelor of Science in Computer Science', '1st', 'Female'),
('2024-0013', 'Evelyn', 'May', 'Bachelor of Science in Computer Application', '1st', 'Female'),
('2024-0014', 'Shane', 'Martinez', 'Bachelor of Arts in Political Science', '1st', 'Male'),
('2024-0015', 'Mia', 'Gallagher', 'Bachelor of Science in Nursing', '1st', 'Female'),
('2024-0016', 'Lily', 'Garcia', 'Bachelor of Elementary Education', '1st', 'Female'),
('2024-0017', 'Mia', 'McGee', 'Bachelor of Arts in Panitikan', '1st', 'Female'),
('2024-0018', 'Elvia', 'Clark', 'Bachelor of Arts in Sociology', '1st', 'Female'),
('2024-0019', 'John', 'Jones', 'Bachelor of Science in Nursing', '1st', 'Male'),
('2024-0020', 'Noble', 'Aguilar', 'Bachelor of Arts in Political Science', '1st', 'Male'),
('2024-0021', 'Thad', 'McGee', 'Bachelor of Secondary Education', '1st', 'Male'),
('2024-0022', 'LolaNancy', 'Wilkerson', 'Bachelor of Science in Nursing', '1st', 'Female'),
('2024-0023', 'Mimi', 'Miller', 'Bachelor of Science in Accountancy', '1st', 'Female'),
('2024-0024', 'Benjamin', 'Jones', 'Bachelor of Science in Metallurgical Engineering', '1st', 'Male'),
('2024-0025', 'King', 'Smith', 'Bachelor of Science in Hospitality Management', '1st', 'Male'),
('2024-0026', 'Judson', 'Johnson', 'Bachelor of Science in Biology', '1st', 'Male'),
('2024-0027', 'Naomi', 'Brown', 'Bachelor of Secondary Education', '1st', 'Female'),
('2024-0028', 'Naomi', 'Wilkerson', 'Bachelor of Science in Information System', '1st', 'Female'),
('2024-0029', 'Emma', 'Miller', 'Bachelor of Science in Electrical Engineering', '1st', 'Female'),
('2024-0030', 'Richie', 'McGee', 'Bachelor of Science in Information Technology', '1st', 'Male'),
('2024-0031', 'Vicky', 'Davis', 'Bachelor of Science in Mathematics', '1st', 'Female'),
('2024-0032', 'Jo', 'Mercado', 'Bachelor of Science in Physics', '1st', 'Female'),
('2024-0033', 'LolaNancy', 'McGee', 'Bachelor of Science in Ceramics Engineering', '1st', 'Female'),
('2024-0034', 'King', 'Garcia', 'Bachelor of Science in Computer Application', '1st', 'Male'),
('2024-0035', 'Thad', 'Gallagher', 'Bachelor of Arts in Sociology', '1st', 'Male'),
('2024-0036', 'James', 'Jones', 'Bachelor of Science in Chemistry', '1st', 'Male'),
('2024-0037', 'Shane', 'Miller', 'Bachelor of Arts in Psychology', '1st', 'Male'),
('2024-0038', 'Evelyn', 'Jones', 'Bachelor of Arts in Psychology', '1st', 'Female'),
('2024-0039', 'Odis', 'Martinez', 'Bachelor of Science in Psychology', '1st', 'Male'),
('2024-0040', 'Ava', 'Mercado', 'Bachelor of Science in Mathematics', '1st', 'Female'),
('2024-0041', 'Noah', 'Brown', 'Bachelor of Science in Business Administration', '1st', 'Male'),
('2024-0042', 'Lily', 'Aguilar', 'Bachelor of Science in Industrial Automation and Mechatronics', '1st', 'Female'),
('2024-0043', 'Shane', 'Martinez', 'Bachelor of Arts in Panitikan', '1st', 'Male'),
('2024-0044', 'Richie', 'Preston', 'Bachelor of Science in Computer Science', '1st', 'Male'),
('2024-0045', 'James', 'Johnson', 'Bachelor of Science in Statistics', '1st', 'Male'),
('2024-0046', 'Francisco', 'Martinez', 'Bachelor of Science in Entrepreneurship', '1st', 'Male'),
('2024-0047', 'Shane', 'Williams', 'Bachelor of Science in Computer Application', '1st', 'Male'),
('2024-0048', 'Lily', 'Jones', 'Bachelor of Science in Electronics and Communication Engineering', '1st', 'Female'),
('2024-0049', 'Shane', 'Gallagher', 'Bachelor of Science in Electronics and Communication Engineering', '1st', 'Male'),
('2024-0050', 'LolaNancy', 'Smith', 'Bachelor of Arts in Political Science', '1st', 'Female'),
('2023-0001', 'Mia', 'Clark', 'Bachelor of Science in Electrical Engineering', '2nd', 'Female'),
('2023-0002', 'Liam', 'Aguilar', 'Bachelor of Science in Accountancy', '2nd', 'Male'),
('2023-0003', 'Lily', 'Brown', 'Bachelor of Science in Mining Engineering', '2nd', 'Female'),
('2023-0004', 'James', 'McGee', 'Bachelor of Secondary Education', '2nd', 'Male'),
('2023-0005', 'Odis', 'Davis', 'Bachelor of Elementary Education', '2nd', 'Male'),
('2023-0006', 'Mia', 'Martinez', 'Bachelor of Science in Entrepreneurship', '2nd', 'Female'),
('2023-0007', 'Naomi', 'Garcia', 'Bachelor of Science in Industrial Automation and Mechatronics', '2nd', 'Female'),
('2023-0008', 'Vicky', 'Smith', 'Bachelor of Science in Biology', '2nd', 'Female'),
('2023-0009', 'Elvia', 'Smith', 'Bachelor of Science in Hospitality Management', '2nd', 'Female'),
('2023-0010', 'Emma', 'Davis', 'Bachelor of Science in Physics', '2nd', 'Female'),
('2023-0011', 'Logan', 'Mercado', 'Bachelor of Science in Computer Science', '2nd', 'Male'),
('2023-0012', 'Victoria', 'Clark', 'Bachelor of Science in Industrial Automation and Mechatronics', '2nd', 'Female'),
('2023-0013', 'Mia', 'Aguilar', 'Bachelor of Science in Mining Engineering', '2nd', 'Female'),
('2023-0014', 'Shane', 'McGee', 'Bachelor of Science in Mathematics', '2nd', 'Male'),
('2023-0015', 'Ava', 'Gallagher', 'Bachelor of Science in Nursing', '2nd', 'Female'),
('2023-0016', 'Liam', 'Miller', 'Bachelor of Science in Civil Engineering', '2nd', 'Male'),
('2023-0017', 'Judson', 'Mercado', 'Bachelor of Science in Computer Engineering', '2nd', 'Male'),
('2023-0018', 'Jo', 'Mercado', 'Bachelor of Science in Hospitality Management', '2nd', 'Female'),
('2023-0019', 'Jo', 'Mercado', 'Bachelor of Science in Psychology', '2nd', 'Female'),
('2023-0020', 'Charlotte', 'Martinez', 'Bachelor of Science in Psychology', '2nd', 'Female'),
('2023-0021', 'Mia', 'Miller', 'Bachelor of Science in Chemistry', '2nd', 'Female'),
('2023-0022', 'Victoria', 'Jones', 'Bachelor of Science in Business Administration', '2nd', 'Female'),
('2023-0023', 'Judson', 'Clark', 'Bachelor of Elementary Education', '2nd', 'Male'),
('2023-0024', 'Richie', 'Davis', 'Bachelor of Arts in Psychology', '2nd', 'Male'),
('2023-0025', 'Benjamin', 'Smith', 'Bachelor of Science in Electrical Engineering', '2nd', 'Male'),
('2023-0026', 'Richie', 'Brown', 'Bachelor of Secondary Education', '2nd', 'Male'),
('2023-0027', 'Benjamin', 'Smith', 'Bachelor of Science in Metallurgical Engineering', '2nd', 'Male'),
('2023-0028', 'Vicky', 'Garcia', 'Bachelor of Arts in Political Science', '2nd', 'Female'),
('2023-0029', 'Richie', 'Smith', 'Bachelor of Arts in History', '2nd', 'Male'),
('2023-0030', 'Francisco', 'Mercado', 'Bachelor of Science in Computer Application', '2nd', 'Male'),
('2023-0031', 'Harper', 'Johnson', 'Bachelor of Science in Information Technology', '2nd', 'Female'),
('2023-0032', 'Naomi', 'Williams', 'Bachelor of Science in Civil Engineering', '2nd', 'Female'),
('2023-0033', 'Shane', 'Clark', 'Bachelor of Science in Mechanical Engineering', '2nd', 'Male'),
('2023-0034', 'Emma', 'Pope', 'Bachelor of Science in Environmental Engineering', '2nd', 'Female'),
('2023-0035', 'Jo', 'Miller', 'Bachelor of Science in Biology', '2nd', 'Female'),
('2023-0036', 'Thad', 'Brown', 'Bachelor of Science in Biology', '2nd', 'Male'),
('2023-0037', 'Richie', 'Miller', 'Bachelor of Arts in Sociology', '2nd', 'Male'),
('2023-0038', 'Layla', 'Garcia', 'Bachelor of Arts in Political Science', '2nd', 'Female'),
('2023-0039', 'Naomi', 'Garcia', 'Bachelor of Science in Information System', '2nd', 'Female'),
('2023-0040', 'Thad', 'Preston', 'Bachelor of Science in Computer Engineering', '2nd', 'Male'),
('2023-0041', 'Marci', 'Martinez', 'Bachelor of Science in Electrical Engineering', '2nd', 'Male'),
('2023-0042', 'Thad', 'Martinez', 'Bachelor of Science in Electrical Engineering', '2nd', 'Male'),
('2023-0043', 'Noble', 'Gallagher', 'Bachelor of Science in Metallurgical Engineering', '2nd', 'Male'),
('2023-0044', 'Naomi', 'Miller', 'Bachelor of Science in Environmental Engineering', '2nd', 'Female'),
('2023-0045', 'Victoria', 'Pope', 'Bachelor of Science in Ceramics Engineering', '2nd', 'Female'),
('2023-0046', 'Emma', 'Smith', 'Bachelor of Science in Chemical Engineering', '2nd', 'Female'),
('2023-0047', 'Victoria', 'Jones', 'Bachelor of Science in Hospitality Management', '2nd', 'Female'),
('2023-0048', 'Jo', 'May', 'Bachelor of Arts in Sociology', '2nd', 'Female'),
('2023-0049', 'William', 'Clark', 'Bachelor of Science in Electronics and Communication Engineering', '2nd', 'Male'),
('2023-0050', 'Layla', 'May', 'Bachelor of Science in Civil Engineering', '2nd', 'Female'),
('2022-0001', 'Vicky', 'Brown', 'Bachelor of Science in Environmental Engineering', '3rd', 'Female'),
('2022-0002', 'Noble', 'Garcia', 'Bachelor of Arts in Filipino', '3rd', 'Male'),
('2022-0003', 'Amelia', 'Miller', 'Bachelor of Arts in Panitikan', '3rd', 'Female'),
('2022-0004', 'John', 'Johnson', 'Bachelor of Science in Computer Application', '3rd', 'Male'),
('2022-0005', 'Odis', 'Martinez', 'Bachelor of Science in Statistics', '3rd', 'Male'),
('2022-0006', 'Layla', 'Preston', 'Bachelor of Physical Education', '3rd', 'Female'),
('2022-0007', 'Charlotte', 'Preston', 'Bachelor of Science in Accountancy', '3rd', 'Female'),
('2022-0008', 'Sophia', 'Garcia', 'Bachelor of Science in Metallurgical Engineering', '3rd', 'Female'),
('2022-0009', 'Naomi', 'Davis', 'Bachelor of Science in Statistics', '3rd', 'Female'),
('2022-0010', 'LolaNancy', 'Mercado', 'Bachelor of Science in Statistics', '3rd', 'Female'),
('2022-0011', 'Charlotte', 'Johnson', 'Bachelor of Arts in Philosophy', '3rd', 'Female'),
('2022-0012', 'Ava', 'May', 'Bachelor of Science in Ceramics Engineering', '3rd', 'Female'),
('2022-0013', 'Francisco', 'Martinez', 'Bachelor of Science in Electronics and Communication Engineering', '3rd', 'Male'),
('2022-0014', 'Evelyn', 'Clark', 'Bachelor of Science in Information System', '3rd', 'Female'),
('2022-0015', 'Marci', 'Aguilar', 'Bachelor of Science in Nursing', '3rd', 'Male'),
('2022-0016', 'Thad', 'Pope', 'Bachelor of Science in Mathematics', '3rd', 'Male'),
('2022-0017', 'King', 'Davis', 'Bachelor of Arts in Political Science', '3rd', 'Male'),
('2022-0018', 'Judson', 'Clark', 'Bachelor of Science in Computer Science', '3rd', 'Male'),
('2022-0019', 'Emma', 'Preston', 'Bachelor of Science in Electrical Engineering', '3rd', 'Female'),
('2022-0020', 'Harper', 'Mercado', 'Bachelor of Science in Civil Engineering', '3rd', 'Female'),
('2022-0021', 'Vicky', 'Garcia', 'Bachelor of Science in Psychology', '3rd', 'Female'),
('2022-0022', 'Evelyn', 'Wilkerson', 'Bachelor of Science in Computer Engineering', '3rd', 'Female'),
('2022-0023', 'James', 'Gallagher', 'Bachelor of Science in Computer Application', '3rd', 'Male'),
('2022-0024', 'Shane', 'Preston', 'Bachelor of Elementary Education', '3rd', 'Male'),
('2022-0025', 'Vicky', 'Miller', 'Bachelor of Science in Ceramics Engineering', '3rd', 'Female'),
('2022-0026', 'John', 'McGee', 'Bachelor of Science in Mathematics', '3rd', 'Male'),
('2022-0027', 'Isabella', 'Miller', 'Bachelor of Science in Computer Application', '3rd', 'Female'),
('2022-0028', 'Judson', 'Davis', 'Bachelor of Science in Electronics and Communication Engineering', '3rd', 'Male'),
('2022-0029', 'Vicky', 'Clark', 'Bachelor of Science in Psychology', '3rd', 'Female'),
('2022-0030', 'Vicky', 'Mercado', 'Bachelor of Science in Biology', '3rd', 'Female'),
('2022-0031', 'Victoria', 'Miller', 'Bachelor of Science in Biology', '3rd', 'Female'),
('2022-0032', 'LolaNancy', 'Garcia', 'Bachelor of Science in Chemical Engineering', '3rd', 'Female'),
('2022-0033', 'King', 'Garcia', 'Bachelor of Science in Metallurgical Engineering', '3rd', 'Male'),
('2022-0034', 'Evelyn', 'Pope', 'Bachelor of Physical Education', '3rd', 'Female'),
('2022-0035', 'Lucas', 'Clark', 'Bachelor of Science in Nursing', '3rd', 'Male'),
('2022-0036', 'James', 'Martinez', 'Bachelor of Science in Chemistry', '3rd', 'Male'),
('2022-0037', 'Ava', 'Gallagher', 'Bachelor of Science in Hospitality Management', '3rd', 'Female'),
('2022-0038', 'Victoria', 'Garcia', 'Bachelor of Science in Nursing', '3rd', 'Female'),
('2022-0039', 'Liam', 'Preston', 'Bachelor of Science in Computer Engineering', '3rd', 'Male'),
('2022-0040', 'James', 'Preston', 'Bachelor of Science in Chemical Engineering', '3rd', 'Male'),
('2022-0041', 'Mia', 'Miller', 'Bachelor of Science in Biology', '3rd', 'Female'),
('2022-0042', 'Sophia', 'Johnson', 'Bachelor of Secondary Education', '3rd', 'Female'),
('2022-0043', 'Marci', 'Preston', 'Bachelor of Science in Hospitality Management', '3rd', 'Male'),
('2022-0044', 'Benjamin', 'Mercado', 'Bachelor of Science in Entrepreneurship', '3rd', 'Male'),
('2022-0045', 'Odis', 'McGee', 'Bachelor of Science in Accountancy', '3rd', 'Male'),
('2022-0046', 'William', 'Brown', 'Bachelor of Science in Nursing', '3rd', 'Male'),
('2022-0047', 'Odis', 'McGee', 'Bachelor of Science in Nursing', '3rd', 'Male'),
('2022-0048', 'Ava', 'Smith', 'Bachelor of Science in Electrical Engineering', '3rd', 'Female'),
('2022-0049', 'Logan', 'Preston', 'Bachelor of Arts in Philosophy', '3rd', 'Male'),
('2022-0050', 'Francisco', 'Clark', 'Bachelor of Science in Environmental Engineering', '3rd', 'Male'),
('2021-0001', 'James', 'May', 'Bachelor of Secondary Education', '4th', 'Male'),
('2021-0002', 'Lucas', 'Johnson', 'Bachelor of Science in Electronics and Communication Engineering', '4th', 'Male'),
('2021-0003', 'Noble', 'Gallagher', 'Bachelor of Science in Business Administration', '4th', 'Male'),
('2021-0004', 'Henry', 'Wilkerson', 'Bachelor of Science in Chemistry', '4th', 'Male'),
('2021-0005', 'King', 'Wilkerson', 'Bachelor of Science in Environmental Engineering', '4th', 'Male'),
('2021-0006', 'Liam', 'McGee', 'Bachelor of Science in Metallurgical Engineering', '4th', 'Male'),
('2021-0007', 'Amelia', 'Mercado', 'Bachelor of Science in Business Administration', '4th', 'Female'),
('2021-0008', 'Ava', 'Pope', 'Bachelor of Science in Mining Engineering', '4th', 'Female'),
('2021-0009', 'Evelyn', 'Brown', 'Bachelor of Science in Industrial Automation and Mechatronics', '4th', 'Female'),
('2021-0010', 'Sophia', 'Williams', 'Bachelor of Science in Entrepreneurship', '4th', 'Female'),
('2021-0011', 'Ava', 'May', 'Bachelor of Arts in Sociology', '4th', 'Female'),
('2021-0012', 'Sophia', 'May', 'Bachelor of Science in Computer Science', '4th', 'Female'),
('2021-0013', 'Evelyn', 'Mercado', 'Bachelor of Arts in History', '4th', 'Female'),
('2021-0014', 'Elvia', 'Davis', 'Bachelor of Secondary Education', '4th', 'Female'),
('2021-0015', 'Emma', 'Gallagher', 'Bachelor of Science in Civil Engineering', '4th', 'Female'),
('2021-0016', 'Lily', 'May', 'Bachelor of Arts in Sociology', '4th', 'Female'),
('2021-0017', 'Emma', 'Preston', 'Bachelor of Science in Mining Engineering', '4th', 'Female'),
('2021-0018', 'Shane', 'Brown', 'Bachelor of Science in Electronics and Communication Engineering', '4th', 'Male'),
('2021-0019', 'Noble', 'Garcia', 'Bachelor of Arts in Political Science', '4th', 'Male'),
('2021-0020', 'Galen', 'Wilkerson', 'Bachelor of Science in Information Technology', '4th', 'Male'),
('2021-0021', 'Ava', 'Williams', 'Bachelor of Science in Chemistry', '4th', 'Female'),
('2021-0022', 'Richie', 'Pope', 'Bachelor of Science in Hospitality Management', '4th', 'Male'),
('2021-0023', 'Elvia', 'Smith', 'Bachelor of Science in Mining Engineering', '4th', 'Female'),
('2021-0024', 'LolaNancy', 'Davis', 'Bachelor of Arts in Political Science', '4th', 'Female'),
('2021-0025', 'Amelia', 'Miller', 'Bachelor of Science in Information System', '4th', 'Female'),
('2021-0026', 'Harper', 'Davis', 'Bachelor of Science in Metallurgical Engineering', '4th', 'Female'),
('2021-0027', 'Odis', 'Gallagher', 'Bachelor of Arts in Political Science', '4th', 'Male'),
('2021-0028', 'Isabella', 'Jones', 'Bachelor of Science in Computer Engineering', '4th', 'Female'),
('2021-0029', 'Ava', 'Johnson', 'Bachelor of Arts in Filipino', '4th', 'Female'),
('2021-0030', 'Noah', 'Mercado', 'Bachelor of Science in Chemical Engineering', '4th', 'Male'),
('2021-0031', 'LolaNancy', 'Mercado', 'Bachelor of Arts in Filipino', '4th', 'Female'),
('2021-0032', 'LolaNancy', 'Davis', 'Bachelor of Science in Industrial Automation and Mechatronics', '4th', 'Female'),
('2021-0033', 'Francisco', 'Smith', 'Bachelor of Arts in Sociology', '4th', 'Male'),
('2021-0034', 'Emma', 'May', 'Bachelor of Science in Biology', '4th', 'Female'),
('2021-0035', 'James', 'Garcia', 'Bachelor of Science in Computer Science', '4th', 'Male'),
('2021-0036', 'Francisco', 'Williams', 'Bachelor of Arts in Panitikan', '4th', 'Male'),
('2021-0037', 'John', 'Wilkerson', 'Bachelor of Arts in Filipino', '4th', 'Male'),
('2021-0038', 'James', 'Garcia', 'Bachelor of Science in Information Technology', '4th', 'Male'),
('2021-0039', 'Vicky', 'Aguilar', 'Bachelor of Science in Industrial Automation and Mechatronics', '4th', 'Female'),
('2021-0040', 'Evelyn', 'Miller', 'Bachelor of Science in Physics', '4th', 'Female'),
('2021-0041', 'Ava', 'Johnson', 'Bachelor of Science in Environmental Engineering', '4th', 'Female'),
('2021-0042', 'Thad', 'Smith', 'Bachelor of Science in Computer Science', '4th', 'Male'),
('2021-0043', 'Emma', 'Jones', 'Bachelor of Science in Electronics and Communication Engineering', '4th', 'Female'),
('2021-0044', 'Richie', 'Davis', 'Bachelor of Science in Information Technology', '4th', 'Male'),
('2021-0045', 'Evelyn', 'Clark', 'Bachelor of Science in Information Technology', '4th', 'Female'),
('2021-0046', 'Marci', 'Preston', 'Bachelor of Science in Mechanical Engineering', '4th', 'Male'),
('2021-0047', 'Mimi', 'Jones', 'Bachelor of Science in Psychology', '4th', 'Female'),
('2021-0048', 'King', 'Martinez', 'Bachelor of Science in Computer Science', '4th', 'Male'),
('2021-0049', 'Noble', 'Mercado', 'Bachelor of Science in Biology', '4th', 'Male'),
('2021-0050', 'Isabella', 'Brown', 'Bachelor of Science in Chemical Engineering', '4th', 'Female');


-- ('2024-0001', 'Sophia', 'Turner', 'Bachelor of Science in Nursing', '1st', 'Female'),
-- ('2024-0002', 'Sophia', 'Turner', 'Bachelor of Science in Hospitality Management', '1st', 'Female'),
-- ('2024-0003', 'Sophia', 'Turner', 'Bachelor of Science in Entrepreneurship', '1st', 'Female'),
-- ('2024-0004', 'Sophia', 'Turner', 'Bachelor of Science in Chemical Engineering', '1st', 'Female'),
-- ('2024-0005', 'Sophia', 'Turner', 'Bachelor of Science in Chemical Engineering', '1st', 'Female'),
-- ('2024-0006', 'Sophia', 'Turner', 'Bachelor of Science in Chemical Engineering', '1st', 'Female'),
-- ('2024-0007', 'Sophia', 'Turner', 'Bachelor of Science in Chemical Engineering', '1st', 'Female'),
-- ('2024-0008', 'Sophia', 'Turner', 'Bachelor of Science in Chemical Engineering', '1st', 'Female'),
-- ('2024-0009', 'Sophia', 'Turner', 'Bachelor of Science in Chemical Engineering', '1st', 'Female'),
-- ('2024-0010', 'Sophia', 'Turner', 'Bachelor of Science in Chemical Engineering', '1st', 'Female'),
-- ('2024-0011', 'Sophia', 'Turner', 'Bachelor of Science in Chemical Engineering', '1st', 'Female'),
-- ('2024-0012', 'Sophia', 'Turner', 'Bachelor of Science in Nursing', '1st', 'Female'),
-- ('2024-0013', 'Sophia', 'Turner', 'Bachelor of Science in Chemical Engineering', '1st', 'Female'),
-- ('2024-0014', 'Sophia', 'Turner', 'Bachelor of Science in Chemical Engineering', '1st', 'Female'),
-- ('2024-0015', 'Sophia', 'Turner', 'Bachelor of Science in Chemical Engineering', '1st', 'Female'),
-- ('2024-0016', 'Sophia', 'Turner', 'Bachelor of Science in Chemical Engineering', '1st', 'Female'),
-- ('2024-0017', 'Sophia', 'Turner', 'Bachelor of Science in Chemical Engineering', '1st', 'Female'),
-- ('2024-0018', 'Sophia', 'Turner', 'Bachelor of Science in Chemical Engineering', '1st', 'Female'),
-- ('2024-0019', 'Sophia', 'Turner', 'Bachelor of Science in Chemical Engineering', '1st', 'Female'),
-- ('2024-0020', 'Sophia', 'Turner', 'Bachelor of Science in Chemical Engineering', '1st', 'Female'),
-- ('2024-0021', 'Sophia', 'Turner', 'Bachelor of Science in Chemical Engineering', '1st', 'Female'),
-- ('2024-0022', 'Sophia', 'Turner', 'Bachelor of Science in Chemical Engineering', '1st', 'Female'),
-- ('2024-0023', 'Sophia', 'Turner', 'Bachelor of Science in Chemical Engineering', '1st', 'Female'),
-- ('2024-0024', 'Sophia', 'Turner', 'Bachelor of Science in Chemical Engineering', '1st', 'Female'),
-- ('2024-0025', 'Sophia', 'Turner', 'Bachelor of Science in Chemical Engineering', '1st', 'Female'),
-- ('2024-0026', 'Sophia', 'Turner', 'Bachelor of Science in Hospitality Management', '1st', 'Female'),
-- ('2024-0027', 'Sophia', 'Turner', 'Bachelor of Science in Chemical Engineering', '1st', 'Female'),
-- ('2024-0028', 'Sophia', 'Turner', 'Bachelor of Science in Chemical Engineering', '1st', 'Female'),
-- ('2024-0029', 'Sophia', 'Turner', 'Bachelor of Science in Chemical Engineering', '1st', 'Female'),
-- ('2024-0030', 'Sophia', 'Turner', 'Bachelor of Science in Chemical Engineering', '1st', 'Female'),
-- ('2024-0031', 'Sophia', 'Turner', 'Bachelor of Science in Chemical Engineering', '1st', 'Female'),
-- ('2024-0032', 'Sophia', 'Turner', 'Bachelor of Science in Chemical Engineering', '1st', 'Female'),
-- ('2024-0033', 'Sophia', 'Turner', 'Bachelor of Science in Chemical Engineering', '1st', 'Female'),
-- ('2024-0034', 'Sophia', 'Turner', 'Bachelor of Science in Entrepreneurship', '1st', 'Female'),
-- ('2024-0035', 'Sophia', 'Turner', 'Bachelor of Science in Chemical Engineering', '1st', 'Female'),
-- ('2024-0036', 'Sophia', 'Turner', 'Bachelor of Science in Chemical Engineering', '1st', 'Female'),
-- ('2024-0037', 'Sophia', 'Turner', 'Bachelor of Science in Chemical Engineering', '1st', 'Female'),
-- ('2024-0038', 'Sophia', 'Turner', 'Bachelor of Science in Chemical Engineering', '1st', 'Female'),
-- ('2024-0039', 'Sophia', 'Turner', 'Bachelor of Science in Chemical Engineering', '1st', 'Female'),
-- ('2024-0040', 'Sophia', 'Turner', 'Bachelor of Science in Chemical Engineering', '1st', 'Female'),

-- ('2023-0001', 'Sophia', 'Turner', 'Bachelor of Science in Chemical Engineering', '1st', 'Female'),
-- ('2023-0002', 'John', 'Doe', 'Bachelor of Science in Environmental Engineering', '1st', 'Male'),
-- ('2023-0003', 'Maria', 'Garcia', 'Bachelor of Science in Ceramics Engineering', '1st', 'Female'),
-- ('2023-0004', 'Daniel', 'Johnson', 'Bachelor of Science in Computer Engineering', '1st', 'Male'),
-- ('2023-0005', 'Sophia', 'Martinez', 'Bachelor of Science in Electrical Engineering', '1st', 'Female'),
-- ('2023-0006', 'Evelyn', 'Lopez', 'Bachelor of Elementary Education', '1st', 'Female'),
-- ('2023-0007', 'Logan', 'Perez', 'Bachelor of Secondary Education', '1st', 'Male'),
-- ('2023-0008', 'Abigail', 'Turner', 'Bachelor of Physical Education', '1st', 'Female'),
-- ('2023-0009', 'Eli', 'Gonzalez', 'Bachelor of Arts in Filipino', '1st', 'Male'),
-- ('2023-0010', 'Amelia', 'Fisher', 'Bachelor of Arts in History', '1st', 'Female'),
-- ('2023-0011', 'Piper', 'Cooper', 'Bachelor of Science in Electrical Engineering', '1st', 'Female'),
-- ('2023-0012', 'Henry', 'Rivera', 'Bachelor of Science in Electronics and Communication Engineering', '1st', 'Male'),
-- ('2023-0013', 'Nova', 'Perez', 'Bachelor of Science in Industrial Automation and Mechatronics', '1st', 'Female'),
-- ('2023-0014', 'Oscar', 'Fisher', 'Bachelor of Science in Ceramics Engineering', '1st', 'Male'),
-- ('2023-0015', 'Sophia', 'Mitchell', 'Bachelor of Science in Metallurgical Engineering', '1st', 'Female'),
-- ('2023-0016', 'Sophia', 'Mitchell', 'Bachelor of Science in Metallurgical Engineering', '1st', 'Female'),
-- ('2023-0017', 'Sophia', 'Mitchell', 'Bachelor of Science in Metallurgical Engineering', '1st', 'Female'),
-- ('2023-0018', 'Sophia', 'Mitchell', 'Bachelor of Science in Metallurgical Engineering', '1st', 'Female'),
-- ('2023-0019', 'Sophia', 'Mitchell', 'Bachelor of Science in Metallurgical Engineering', '1st', 'Female'),
-- ('2023-0020', 'Sophia', 'Mitchell', 'Bachelor of Science in Metallurgical Engineering', '1st', 'Female'),

-- ('2022-0001', 'Ethan', 'Smith', 'Bachelor of Science in Electronics and Communication Engineering', '2nd', 'Male'),
-- ('2022-0002', 'Olivia', 'Jones', 'Bachelor of Science in Industrial Automation and Mechatronics', '2nd', 'Female'),
-- ('2022-0003', 'Liam', 'Williams', 'Bachelor of Science in Ceramics Engineering', '2nd', 'Male'),
-- ('2022-0004', 'Ava', 'Brown', 'Bachelor of Science in Metallurgical Engineering', '2nd', 'Female'),
-- ('2022-0005', 'Noah', 'Miller', 'Bachelor of Science in Mining Engineering', '2nd', 'Male'),
-- ('2022-0006', 'Lucas', 'Wright', 'Bachelor of Arts in Panitikan', '2nd', 'Male'),
-- ('2022-0007', 'Harper', 'Martin', 'Bachelor of Arts in Political Science', '2nd', 'Female'),
-- ('2022-0008', 'Jackson', 'Anderson', 'Bachelor of Arts in Psychology', '2nd', 'Male'),
-- ('2022-0009', 'Luna', 'Taylor', 'Bachelor of Arts in Sociology', '2nd', 'Female'),
-- ('2022-0010', 'Mateo', 'Garcia', 'Bachelor of Arts in Philosophy', '2nd', 'Male'),
-- ('2022-0011', 'Mateo', 'Garcia', 'Bachelor of Arts in Philosophy', '2nd', 'Male'),
-- ('2022-0012', 'Mateo', 'Garcia', 'Bachelor of Arts in Philosophy', '2nd', 'Male'),
-- ('2022-0013', 'Mateo', 'Garcia', 'Bachelor of Arts in Philosophy', '2nd', 'Male'),
-- ('2022-0014', 'Mateo', 'Garcia', 'Bachelor of Arts in Philosophy', '2nd', 'Male'),
-- ('2022-0015', 'Max', 'Gomez', 'Bachelor of Science in Mining Engineering', '2nd', 'Male'),
-- ('2022-0016', 'Ava', 'Diaz', 'Bachelor of Science in Mechanical Engineering', '2nd', 'Female'),
-- ('2022-0017', 'Liam', 'Rodriguez', 'Bachelor of Science in Biology', '2nd', 'Male'),
-- ('2022-0018', 'Isabella', 'Smith', 'Bachelor of Science in Chemistry', '2nd', 'Female'),
-- ('2022-0019', 'Noah', 'Hernandez', 'Bachelor of Science in Mathematics', '2nd', 'Male');
-- ('2022-0020', 'Noah', 'Hernandez', 'Bachelor of Science in Mathematics', '2nd', 'Male');

-- ('2021-0001', 'Emma', 'Davis', 'Bachelor of Science in Mechanical Engineering', '3rd', 'Female'),
-- ('2021-0002', 'William', 'Rodriguez', 'Bachelor of Science in Biology', '3rd', 'Male'),
-- ('2021-0003', 'Isabella', 'Gomez', 'Bachelor of Science in Chemistry', '3rd', 'Female'),
-- ('2021-0004', 'James', 'Hernandez', 'Bachelor of Science in Mathematics', '3rd', 'Male'),
-- ('2021-0005', 'Sophie', 'Smith', 'Bachelor of Science in Statistics', '3rd', 'Female'),
-- ('2021-0006', 'Stella', 'Hill', 'Bachelor of Science in Psychology', '3rd', 'Female'),
-- ('2021-0007', 'Leo', 'Thompson', 'Bachelor of Science in Accountancy', '3rd', 'Male'),
-- ('2021-0008', 'Violet', 'Lewis', 'Bachelor of Science in Business Administration', '3rd', 'Female'),
-- ('2021-0009', 'Zachary', 'Clark', 'Bachelor of Science in Entrepreneurship', '3rd', 'Male'),
-- ('2021-0010', 'Aurora', 'Lopez', 'Bachelor of Science in Hospitality Management', '3rd', 'Female'),
-- ('2021-0011', 'Aurora', 'Lopez', 'Bachelor of Science in Hospitality Management', '3rd', 'Female'),
-- ('2021-0012', 'Aurora', 'Lopez', 'Bachelor of Science in Hospitality Management', '3rd', 'Female'),
-- ('2021-0013', 'Aurora', 'Lopez', 'Bachelor of Science in Hospitality Management', '3rd', 'Female'),
-- ('2021-0014', 'Aurora', 'Lopez', 'Bachelor of Science in Hospitality Management', '3rd', 'Female'),
-- ('2021-0015', 'Aurora', 'Lopez', 'Bachelor of Science in Hospitality Management', '3rd', 'Female'),
-- ('2021-0016', 'Aurora', 'Lopez', 'Bachelor of Science in Hospitality Management', '3rd', 'Female'),
-- ('2021-0017', 'Aurora', 'Lopez', 'Bachelor of Science in Hospitality Management', '3rd', 'Female'),
-- ('2021-0018', 'Aurora', 'Lopez', 'Bachelor of Science in Hospitality Management', '3rd', 'Female'),
-- ('2021-0019', 'Aurora', 'Lopez', 'Bachelor of Science in Hospitality Management', '3rd', 'Female'),
-- ('2021-0020', 'Aurora', 'Lopez', 'Bachelor of Science in Hospitality Management', '3rd', 'Female'),

-- ('2020-0001', 'Alexander', 'Taylor', 'Bachelor of Science in Physics', '4th', 'Male'),
-- ('2020-0002', 'Mia', 'Anderson', 'Bachelor of Science in Computer Science', '4th', 'Female'),
-- ('2020-0003', 'Benjamin', 'Martinez', 'Bachelor of Science in Information Technology', '4th', 'Male'),
-- ('2020-0004', 'Aria', 'Brown', 'Bachelor of Science in Information System', '4th', 'Female'),
-- ('2020-0005', 'Elijah', 'Gonzalez', 'Bachelor of Science in Computer Application', '4th', 'Male'),
-- ('2020-0006', 'Nolan', 'Young', 'Bachelor of Science in Nursing', '4th', 'Male'),
-- ('2020-0007', 'Elena', 'Morales', 'Bachelor of Science in Chemical Engineering', '4th', 'Female'),
-- ('2020-0008', 'Gabriel', 'King', 'Bachelor of Science in Environmental Engineering', '4th', 'Male'),
-- ('2020-0009', 'Hazel', 'Scott', 'Bachelor of Science in Civil Engineering', '4th', 'Female'),
-- ('2020-0010', 'Mason', 'Harris', 'Bachelor of Science in Computer Engineering', '4th', 'Male'),
-- ('2020-0011', 'Mason', 'Harris', 'Bachelor of Science in Computer Engineering', '4th', 'Male'),
-- ('2020-0012', 'Mason', 'Harris', 'Bachelor of Science in Computer Engineering', '4th', 'Male'),
-- ('2020-0013', 'Mason', 'Harris', 'Bachelor of Science in Computer Engineering', '4th', 'Male'),
-- ('2020-0014', 'Mason', 'Harris', 'Bachelor of Science in Computer Engineering', '4th', 'Male'),
-- ('2020-0015', 'Mason', 'Harris', 'Bachelor of Science in Computer Engineering', '4th', 'Male'),
-- ('2020-0016', 'Mason', 'Harris', 'Bachelor of Science in Computer Engineering', '4th', 'Male'),
-- ('2020-0017', 'Mason', 'Harris', 'Bachelor of Science in Computer Engineering', '4th', 'Male'),
-- ('2020-0018', 'Mason', 'Harris', 'Bachelor of Science in Computer Engineering', '4th', 'Male'),
-- ('2020-0019', 'Mason', 'Harris', 'Bachelor of Science in Computer Engineering', '4th', 'Male'),
-- ('2020-0020', 'Mason', 'Harris', 'Bachelor of Science in Computer Engineering', '4th', 'Male'),

-- Data exporting was unselected.

/*!40103 SET TIME_ZONE=IFNULL(@OLD_TIME_ZONE, 'system') */;
/*!40101 SET SQL_MODE=IFNULL(@OLD_SQL_MODE, '') */;
/*!40014 SET FOREIGN_KEY_CHECKS=IFNULL(@OLD_FOREIGN_KEY_CHECKS, 1) */;
/*!40101 SET CHARACTER_SET_CLIENT=@OLD_CHARACTER_SET_CLIENT */;
/*!40111 SET SQL_NOTES=IFNULL(@OLD_SQL_NOTES, 1) */;
